pdb,database,partners(A_B),mutation,ddG
1jtg,AB-bind,B_A,DB49A,1.98
1ahw,SKEMPI2.0,AB_C,"TC110A,KC111A",0.638821369585223
1ahw,SKEMPI2.0,AB_C,"IC141Q,TC143I,YC145T",3.9754841197533013
1ahw,SKEMPI2.0,AB_C,"KC158A,NC160A,NC162A",4.072776815593127
1ahw,SKEMPI2.0,AB_C,"SC184A,RC185A",4.016338519035249
1ahw,SKEMPI2.0,AB_C,"RC189A,KC190A",4.016338519035249
3hfm,SKEMPI2.0,HL_Y,"YH33A,KY97A",7.22787376112129
3lzf,SKEMPI2.0,HL_AB,"DA187E,DA222G",0.1273790466109741
3g6d,SKEMPI2.0,LH_A,"KH210T,KH215T",-0.13294043259088184
3g6d,SKEMPI2.0,LH_A,"EL3V,GL76R,TL77V,QL78E,EL80G",0.1398091368611052
3g6d,SKEMPI2.0,LH_A,"TL89S,ML92I,VL93D,TL94K",0.7979323430330112
3g6d,SKEMPI2.0,LH_A,"EL3V,GL76R,TL77V,QL78E,EL80G,TL89S,ML92I,VL93D,TL94K",0.27143596052624197
3g6d,SKEMPI2.0,LH_A,"EL3V,GL76R,TL77V,QL78E,EL80G,FH103A,HH104A,WH105A",4.620024617431211
3g6d,SKEMPI2.0,LH_A,"EL3V,GL76R,TL77V,QL78E,EL80G,DH54N",0.11117193869723963
3l5x,SKEMPI2.0,HL_A,"HL91Q,NL92D,EL93L,YL94G",-1.7850328645612876
3l5x,SKEMPI2.0,HL_A,"NL92D,EL93W,YL94G",-1.68242933563673
3l5x,SKEMPI2.0,HL_A,"HL91Q,NL92D,EL93I,YL94G",-1.5502940070715638
3l5x,SKEMPI2.0,HL_A,"NL92E,EL93W,YL94G",-1.5502940070715638
3l5x,SKEMPI2.0,HL_A,"NL92D,EL93P,YL94G",-1.4698785921737283
3l5x,SKEMPI2.0,HL_A,"HL91Q,NL92D,EL93Y,YL94G",-1.4513722760373646
3l5x,SKEMPI2.0,HL_A,"NL92S,EL93W,YL94G",-1.2719795157432614
3l5x,SKEMPI2.0,HL_A,"NL92E,EL93S,YL94G",-1.2652884398088435
3l5x,SKEMPI2.0,HL_A,"NL92S,EL93H,YL94G",-1.2456572302996314
3l5x,SKEMPI2.0,HL_A,"NL92F,EL93W,YL94G",-1.2329222465802943
3l5x,SKEMPI2.0,HL_A,"NL92D,EL93W,YL94E",-1.1962824837359758
3l5x,SKEMPI2.0,HL_A,"NL92S,EL93Y,YL94G",-0.9641332247743541
3l5x,SKEMPI2.0,HL_A,"HL91P,NL92L,EL93D,YL94V",-0.8581747071600851
3l5x,SKEMPI2.0,HL_A,"NL92V,EL93W,YL94G",-0.8352074104061664
3l5x,SKEMPI2.0,HL_A,"NL92L,EL93M,YL94G",-0.8256305884112223
3l5x,SKEMPI2.0,HL_A,"HL91P,NL92L,EL93D,YL94T",-0.8100055679074085
3l5x,SKEMPI2.0,HL_A,"NL92D,EL93Y,YL94A",-0.8069294367315383
3l5x,SKEMPI2.0,HL_A,"NL92S,EL93I,YL94G",-0.8069294367315383
3l5x,SKEMPI2.0,HL_A,"EL93H,YL94G",-0.7626079648155955
3l5x,SKEMPI2.0,HL_A,"NL92D,EL93W,YL94S",-0.716086977605114
3l5x,SKEMPI2.0,HL_A,"NL92L,EL93N,YL94G",-0.6953982735450595
3l5x,SKEMPI2.0,HL_A,"NL92L,EL93D,YL94S",-0.6803427018891384
3l5x,SKEMPI2.0,HL_A,"HL91P,NL92I,EL93D,YL94A",-0.6466337852831234
3l5x,SKEMPI2.0,HL_A,"HL91P,NL92L,EL93D,YL94S",-0.6327545424257082
3l5x,SKEMPI2.0,HL_A,"NL92L,EL93L,YL94G",-0.625935036118026
3l5x,SKEMPI2.0,HL_A,"NL92D,EL93N,YL94S",-0.5340087074034034
3l5x,SKEMPI2.0,HL_A,"NL92D,EL93R,YL94D",-0.5225102117501663
3l5x,SKEMPI2.0,HL_A,"NL92S,EL93V,YL94G",-0.5168436238216305
3l5x,SKEMPI2.0,HL_A,"NL92V,EL93G,YL94G",-0.46297432877556943
3l5x,SKEMPI2.0,HL_A,"HL91P,NL92L,YL94A",-0.4443888000219136
3l5x,SKEMPI2.0,HL_A,"NL92D,EL93L,YL94G",-0.4296047165105463
3l5x,SKEMPI2.0,HL_A,"EL93F,YL94G",-0.4279845953365964
3l5x,SKEMPI2.0,HL_A,"NL92S,EL93W,YL94A",-0.3030111936756459
3l5x,SKEMPI2.0,HL_A,"NL92S,EL93S,YL94G",-0.24919886115377032
4jpk,SKEMPI2.0,HL_A,"DA159N,DA33N",0.6189337344502608
1bj1,SKEMPI2.0,HL_VW,"ML4L,TH28D,NH31H,HH101Y,SH105T",-1.7947140707125122
1cz8,SKEMPI2.0,HL_VW,"LL4M,DH28T,HH31N,YH101H,TH105S",1.7947140707125122
1bj1,SKEMPI2.0,HL_VW,"HH101Y,YH103R,SH105T",-1.173057784709064
1bj1,SKEMPI2.0,HL_VW,"HH101Y,SH105T",-1.3434098515370998
1bj1,SKEMPI2.0,HL_VW,"HH101Y,YH103I,GH104A,SH105K",-0.43122928246694947
1bj1,SKEMPI2.0,HL_VW,"HH101Y,YH103W,SH105T",-1.040922456143898
1bj1,SKEMPI2.0,HL_VW,"HH101Y,YH103R,GH104N,SH105T",-0.7626079648155955
1bj1,SKEMPI2.0,HL_VW,"TH28D,NH31H",-0.6928622785782022
1bj1,SKEMPI2.0,HL_VW,"LH72V,TH74V",0.6706225096673624
1bj1,SKEMPI2.0,HL_VW,"LH72I,TH74K",0.07651323326634163
1bj1,SKEMPI2.0,HL_VW,"TH28D,NH31H,YH54W,HH101Y,SH105T",-1.2034313100346719
1bj1,SKEMPI2.0,HL_VW,"TH28D,NH31H,HH101Y,SH105T",-1.7538596714305665
1bj1,SKEMPI2.0,HL_VW,"HH101Y,YH103R,GH104D,SH105N",-0.9953496739714041
1cz8,SKEMPI2.0,HL_VW,"LL4M,DH28T,HH31N,YH103R",0.6216562860034482
1cz8,SKEMPI2.0,HL_VW,"LL4M,DH28T,HH31N",0.4513042191754124
1cz8,SKEMPI2.0,HL_VW,"LL4M,DH28T,HH31N,TH105K,YH103I,GH104A",1.3634847882455627
1cz8,SKEMPI2.0,HL_VW,"LL4M,DH28T,HH31N,YH103W",0.7537916145686143
1cz8,SKEMPI2.0,HL_VW,"LL4M,DH28T,HH31N,YH103R,GH104N",1.0321061058969168
1cz8,SKEMPI2.0,HL_VW,"LL4M,DH28T,HH31N,YH101H,TH105S,YH54W",1.657451836357053
1cz8,SKEMPI2.0,HL_VW,"LL4M,YH101H,TH105S",1.10185179213431
1cz8,SKEMPI2.0,HL_VW,"LL4M,DH28T,HH31N,YH101H,TH105S,LH72V,TH74V",2.4653365803798746
1cz8,SKEMPI2.0,HL_VW,"LL4M,DH28T,HH31N,YH101H,TH105S,LH72I,TH74K",1.8712273039788538
1cz8,SKEMPI2.0,HL_VW,"LL4M,YH54W",0.5912827606778404
1cz8,SKEMPI2.0,HL_VW,"LL4M,HH31N,YH101H,TH105S",1.574691254355546
1cz8,SKEMPI2.0,HL_VW,"LL4M,DH28T,YH101H,TH105S",1.0321061058969168
1cz8,SKEMPI2.0,HL_VW,"LL4M,DH28T,HH31N,TH105S",0.21120646610998328
1cz8,SKEMPI2.0,HL_VW,"LL4M,DH28T,HH31N,YH101H",1.4043391875275102
1cz8,SKEMPI2.0,HL_VW,"LL4M,DH28T,HH31N,TH105N,YH103R,GH104D",0.7993643967411082
1mhp,SKEMPI2.0,HL_A,"TH50V,KH64E",-0.3610193438187146
1mhp,SKEMPI2.0,HL_A,"LH60D,KH64Q",0.04298695308655098
1mhp,SKEMPI2.0,HL_A,"LH60D,KH64E",-0.14179261172195368
1mhp,SKEMPI2.0,HL_A,"TH50V,SL27Q,NL51Y",-1.2001405419006552
1mhp,SKEMPI2.0,HL_A,"KH64E,SL27Q,NL51Y",-0.9530349683520978
1mhp,SKEMPI2.0,HL_A,"TH50V,KH64E,SL27Q,NL51E",-1.2672485671189726
1mhp,SKEMPI2.0,HL_A,"TH50V,KH64E,SL27Q,NL51Y",-1.043155948352176
1mhp,SKEMPI2.0,HL_A,"SL90R,NL29E",2.726969576491129
1mhp,SKEMPI2.0,HL_A,"WL89Q,FL32Y",0.8709706285468446
1mhp,SKEMPI2.0,HL_A,"TH50V,SH35V",2.726969576491129
1mhp,SKEMPI2.0,HL_A,"TH50V,SH35A",2.0757249417452126
1mhp,SKEMPI2.0,HL_A,"SH35A,GH102S",1.572597602487912
1mhp,SKEMPI2.0,HL_A,"SH35V,GH102S",1.42559570431745
1mhp,SKEMPI2.0,HL_A,"TH50V,GH102S",1.6673638503655557
1mhp,SKEMPI2.0,HL_A,"NL29Y,SL90I",0.4343439977024808
1mhp,SKEMPI2.0,HL_A,"TH33E,GH53Q",1.6673638503655557
1mhp,SKEMPI2.0,HL_A,"TH33I,SH52T,GH53N,GH54N",1.9074616034309866
1mhp,SKEMPI2.0,HL_A,"TH33I,SH52T,GH53Q,GH54F",1.2552436374894143
1mhp,SKEMPI2.0,HL_A,"TH50V,SL27Q",-0.694645292316908
1mhp,SKEMPI2.0,HL_A,"KH64E,SL27Q",-0.8567987472255076
2b2x,SKEMPI2.0,HL_A,"VH50T,EH64K,QL28S,YL52N",1.043155948352176
2b2x,SKEMPI2.0,HL_A,"VH50T,EH64K,QL28S,YL52N,LL49K",1.9676478531753236
2b2x,SKEMPI2.0,HL_A,"EH64K,QL28S,YL52N",0.7799728102046437
2b2x,SKEMPI2.0,HL_A,"VH50T,EH64K,QL28S,YL52N,LH60D",0.9205229288940124
2b2x,SKEMPI2.0,HL_A,"VH50T,QL28S,YL52N",0.8879352347049103
2b2x,SKEMPI2.0,HL_A,"VH50T,EH64D,QL28S,YL52N",0.9205229288940124
2b2x,SKEMPI2.0,HL_A,"VH50T,EH64N,QL28S,YL52N",0.9706170780692833
2b2x,SKEMPI2.0,HL_A,"VH50T,EH64K,YL52N",0.37708020762844185
2b2x,SKEMPI2.0,HL_A,"VH50T,EH64K,QL28S",0.9399119067424557
2b2x,SKEMPI2.0,HL_A,"VH50T,EH64K,QL28S,YL52N,GH100M",1.1452842968957224
2b2x,SKEMPI2.0,HL_A,"VH50T,EH64K,QL28S,YL52N,SL24R",0.9761036526449516
2b2x,SKEMPI2.0,HL_A,"VH50T,EH64K,QL28S,YL52E",0.8657960610410136
2b2x,SKEMPI2.0,HL_A,"VH50T,EH64K,QL28S,YL52N,FH99W",1.043155948352176
2b2x,SKEMPI2.0,HL_A,"VH50T,EH64K,QL28S,YL52N,GH100F",1.616950014590552
2b2x,SKEMPI2.0,HL_A,"VH50T,EH64K,QL28S,YL52N,GH54Y",1.043155948352176
2b2x,SKEMPI2.0,HL_A,"QL28S,YL52N",0.6821366045334614
2b2x,SKEMPI2.0,HL_A,"VH50T,EH64Q,QL28S,YL52N,LH60D",1.086142901438727
2b2x,SKEMPI2.0,HL_A,"VH50T,QL28S,YL52N,LH60D",0.9013633366302223
2b2x,SKEMPI2.0,HL_A,"VH50T,EH64K,QL28S,YL52N,NL30V",2.0924271378308656
2b2x,SKEMPI2.0,HL_A,"VH50T,EH64K,QL28S,YL52N,HL31R",2.166891206958807
2b2x,SKEMPI2.0,HL_A,"VH50T,EH64K,QL28S,YL52N,HL31K",2.207258036085836
2b2x,SKEMPI2.0,HL_A,"VH50T,EH64K,QL28S,YL52R",1.8879497659481235
2b2x,SKEMPI2.0,HL_A,"VH50T,EH64K,QL28S,YL52K",1.7006293771017447
2b2x,SKEMPI2.0,HL_A,"VH50T,EH64K,QL28S,YL52N,RH31Q",2.3504113986680473
2b2x,SKEMPI2.0,HL_A,"VH50T,EH64K,QL28S,YL52N,SH35Q",3.770125524843305
2b2x,SKEMPI2.0,HL_A,"VH50T,EH64K,QL28S,YL52N,YH59E",1.5871327635375962
2b2x,SKEMPI2.0,HL_A,"VH50T,EH64K,QL28S,YL52N,NL30Y",2.9506175517831625
2b2x,SKEMPI2.0,HL_A,"VH50T,EH64K,QL28S,YL52N,NL30W",2.615753550840088
2b2x,SKEMPI2.0,HL_A,"VH50T,EH64K,QL28S,YL52N,SL91T",3.3596757049498382
2b2x,SKEMPI2.0,HL_A,"VH50T,EH64K,QL28S,YL52N,SL91R",3.770125524843305
2b2x,SKEMPI2.0,HL_A,"VH50T,EH64K,QL28S,YL52N,GL92Q",2.615753550840088
2b2x,SKEMPI2.0,HL_A,"VH50T,EH64K,QL28S,YL52N,GL92S",1.555734116789191
2b2x,SKEMPI2.0,HL_A,"VH50T,EH64K,QL28S,YL52N,SL91R,NL30E",3.770125524843305
2b2x,SKEMPI2.0,HL_A,"VH50T,EH64K,QL28S,YL52N,SH52M",3.1188808900973886
2b2x,SKEMPI2.0,HL_A,"VH50T,EH64K,QL28S,YL52N,GH53S",1.7187118178301066
2b2x,SKEMPI2.0,HL_A,"VH50T,EH64K,QL28S,YL52N,GH53A",1.555734116789191
2b2x,SKEMPI2.0,HL_A,"VH50T,EH64K,QL28S,YL52N,GH54I",2.4066407365977387
2b2x,SKEMPI2.0,HL_A,"VH50T,EH64K,QL28S,YL52N,GH54T",2.207258036085836
2b2x,SKEMPI2.0,HL_A,"VH50T,EH64K,QL28S,YL52N,YH58Q",3.1188808900973886
2b2x,SKEMPI2.0,HL_A,"VH50T,EH64K,QL28S,YL52N,YH58E",3.1188808900973886
2b2x,SKEMPI2.0,HL_A,"VH50T,EH64K,QL28S,YL52N,YH58W",1.8640555881391094
2b2x,SKEMPI2.0,HL_A,"VH50T,EH64K,QL28S,YL52N,LL49F",1.755396101851824
2b2x,SKEMPI2.0,HL_A,"VH50T,EH64K,QL28S,YL52N,LL49W",2.9506175517831625
2b2x,SKEMPI2.0,HL_A,"VH50T,EH64K,QL28S,YL52D",1.5438906436023423
2b2x,SKEMPI2.0,HL_A,"VH50T,EH64K,QL28S,YL52N,WL90Q",3.1188808900973886
2b2x,SKEMPI2.0,HL_A,"VH50T,EH64K,QL28S,YL52N,SL91Q",2.817090556491207
2b2x,SKEMPI2.0,HL_A,"VH50T,EH64K,QL28S,YL52N,WL90Q,FL33Y",1.9141265768990205
2b2x,SKEMPI2.0,HL_A,"VH50T,EH64K,QL28S,YL52N,TH33V",1.4774999460546567
2b2x,SKEMPI2.0,HL_A,"VH50T,EH64K,QL28S,YL52N,TH33N",3.770125524843305
2b2x,SKEMPI2.0,HL_A,"VH50T,EH64K,QL28S,YL52N,SH35A",2.615753550840088
2b2x,SKEMPI2.0,HL_A,"VH50T,EH64K,QL28S,YL52N,FH99Y",1.7977829553749274
2b2x,SKEMPI2.0,HL_A,"VH50T,EH64K,QL28S,YL52N,GH100L",3.770125524843305
2b2x,SKEMPI2.0,HL_A,"VH50T,EH64K,QL28S,YL52N,GH100S",1.6008724499915772
2b2x,SKEMPI2.0,HL_A,"EH64K,QL28S,YL52N,SH35V",3.770125524843305
2b2x,SKEMPI2.0,HL_A,"EH64K,QL28S,YL52N,SH35A",3.1188808900973886
2b2x,SKEMPI2.0,HL_A,"VH50T,EH64K,QL28S,YL52N,SH35A,GH102S",2.615753550840088
2b2x,SKEMPI2.0,HL_A,"VH50T,EH64K,QL28S,YL52N,SH35V,GH102S",2.468751652669626
2b2x,SKEMPI2.0,HL_A,"EH64K,QL28S,YL52N,GH102S",2.7105197987177316
2b2x,SKEMPI2.0,HL_A,"VH50T,EH64K,QL28S,YL52N,HL31W",2.29839958584159
2b2x,SKEMPI2.0,HL_A,"VH50T,EH64K,QL28S,YL52N,NL30Y,SL91I",1.4774999460546567
2b2x,SKEMPI2.0,HL_A,"VH50T,EH64K,QL28S,YL52N,GH53N",2.29839958584159
2b2x,SKEMPI2.0,HL_A,"VH50T,EH64K,QL28S,YL52N,TH33E,GH53Q",2.7105197987177316
2b2x,SKEMPI2.0,HL_A,"VH50T,EH64K,QL28S,YL52N,TH33I,SH52T,GH53N,GH54N",2.9506175517831625
2b2x,SKEMPI2.0,HL_A,"VH50T,EH64K,QL28S,YL52N,TH33I,SH52T,GH53Q,GH54F",2.29839958584159
2b2x,SKEMPI2.0,HL_A,"EH64K,YL52N",0.348510656035268
2b2x,SKEMPI2.0,HL_A,"VH50T,YL52N",0.18635720112666831
1mlc,SKEMPI2.0,AB_E,"NA32G,NA92A",-0.6866149298430368
1mlc,SKEMPI2.0,AB_E,"SB57V,TB58D",-0.9876737264258466
1mlc,SKEMPI2.0,AB_E,"NA32G,NA92A,SB57V,TB58D",-1.7348773389760623
1mlc,SKEMPI2.0,AB_E,"NA92A,SB57V,TB58D",-2.3940548260445684
1mlc,SKEMPI2.0,AB_E,"NA92A,TB28D,SB57V,TB58D,NA32L",-2.5841645192655243
1mlc,SKEMPI2.0,AB_E,"NA92A,TB28D,SB57V,TB58D,SB30G",-2.358336225822665
1mlc,SKEMPI2.0,AB_E,"NA92A,TB28D,SB57V,TB58D,YB59E",-1.4660883171701258
1mlc,SKEMPI2.0,AB_E,"NA92A,TB28D,SB57V,TB58D,SA91N",1.8496316401463186
1mlc,SKEMPI2.0,AB_E,"NA92A,TB28D,SB57V,TB58D,SA91N,SA93A",-1.6103500883399455
1mlc,SKEMPI2.0,AB_E,"NA92A,TB28D,SB57V,TB58D,RB98M,DB100Q",-0.41044981989346674
1mlc,SKEMPI2.0,AB_E,"NA92A,TB28D,SB57V,TB58D,YB32R,RB98S",1.8496316401463186
1mlc,SKEMPI2.0,AB_E,"NA92A,TB28D,SB57V,TB58D,EB35S,GB99D",-2.9537599398770435
1mlc,SKEMPI2.0,AB_E,"NA92A,TB28D,SB57V,TB58D,YB32W,RB98V,DB100Q",0.36136756724521213
1mlc,SKEMPI2.0,AB_E,"NA92A,TB28D,SB57V,TB58D,EB35S",1.9060699367041956
1mlc,SKEMPI2.0,AB_E,"NA92A,TB28D,SB57V,TB58D,GB99D",-0.20356566435900092
1yy9,SKEMPI2.0,CD_A,"TC31E,NC93A",-0.8184876041924571
1yy9,SKEMPI2.0,CD_A,"SC26D,TC31E,NC93A",-1.332869616754719
1yy9,SKEMPI2.0,CD_A,"SC26D,TC31E,NC93A,ND56A,TD61E",-0.6517572851665321
1n8z,SKEMPI2.0,AB_C,"NA30S,HA91F,YA92W",-0.07475817189086342
1n8z,SKEMPI2.0,AB_C,"NA30S,HA91F,YA92W,TA94S,DB102W,YB105F,YB109V",0.05065858989246763
3bdy,SKEMPI2.0,HL_V,"DL28N,PL30A,RL31K,SL32T,YL57F,TL97S,TL98S",-0.973109905060566
3be1,SKEMPI2.0,HL_A,"DL28N,PL30A,RL31K,SL32T,YL57F,TL97S,TL98S",-0.8682972428787465
3bdy,SKEMPI2.0,HL_V,"DL28N,PL30A,RL31K,SL32T,TL97S,TL98S",-0.9690254879553208
3be1,SKEMPI2.0,HL_A,"DL28N,PL30A,RL31K,SL32T,TL97S,TL98S",-0.6860412903966786
2ny7,SKEMPI2.0,HL_G,"WG13M,SG92T,WG181S,MG231A,CG14W,CG110V,CG27I,CG226Q",-0.303572920756217
2ny7,SKEMPI2.0,HL_G,"WG13M,MG231A,CG14W,CG110V,CG27I,CG226Q",0.4490223130001372
2ny7,SKEMPI2.0,HL_G,"KG66C,EG103C,WG13M,MG231A,CG14W,CG110V,CG27I,CG226Q",0.2998787835987713
2ny7,SKEMPI2.0,HL_G,"WG13M,MG231A,CG14W,CG110V",1.1573691648367515
2ny7,SKEMPI2.0,HL_G,"KG66C,EG102C,WG13M,MG231A,CG14W,CG110V,CG27I,CG226Q",0.39978009123302627
2ny7,SKEMPI2.0,HL_G,"GG229C,WG13M,MG231A,CG14W,CG110V,CG27I,CG226Q",0.21461292183024838
2ny7,SKEMPI2.0,HL_G,"CG27I,CG226Q,MG231A",0.2031810239299574
2ny7,SKEMPI2.0,HL_G,"CG27I,CG226Q",0.19970797045674615
2ny7,SKEMPI2.0,HL_G,"WG13M,MG231A,CG14W,CG110V,KG66C,EG102C",0.5509846356685486
2ny7,SKEMPI2.0,HL_G,"KG66C,EG102C,CG27I,CG226Q",0.04085439928194745
2ny7,SKEMPI2.0,HL_G,"GG229C,MG231A",-0.37877628544045905
3idx,SKEMPI2.0,HL_G,"WG13M,SG111T,WG200S,MG247A,CG14W,CG129V,CG27I,CG242Q",-1.8638604935364516
3idx,SKEMPI2.0,HL_G,"WG13M,MG247A,CG14W,CG129V,CG27I,CG242Q",-2.3478579640584734
3idx,SKEMPI2.0,HL_G,"KG85C,EG122C,WG13M,MG247A,CG14W,CG129V,CG27I,CG242Q",-2.2925910900778614
3idx,SKEMPI2.0,HL_G,"WG13M,MG247A,CG14W,CG129V",-0.647503073092011
3idx,SKEMPI2.0,HL_G,"KG85C,EG121C,WG13M,MG247A,CG14W,CG129V,CG27I,CG242Q",-2.1921679537776164
3idx,SKEMPI2.0,HL_G,"TG41C,GG245C,WG13M,MG247A,CG14W,CG129V,CG27I,CG242Q",-2.3309381295668494
3idx,SKEMPI2.0,HL_G,"CG27I,CG242Q,MG247A",-2.1734967152283495
3idx,SKEMPI2.0,HL_G,"CG27I,CG242Q",-2.4649006923074186
3idx,SKEMPI2.0,HL_G,"WG13M,MG247A,CG14W,CG129V,KG85C,EG121C",-0.3616451177165203
3idx,SKEMPI2.0,HL_G,"KG85C,EG121C,CG27I,CG242Q",-2.3775543550396367
3idx,SKEMPI2.0,HL_G,"TG41C,GG245C,MG247A",0.40943149819849367
2nyy,SKEMPI2.0,DC_A,"VD36I,ED5Q",-0.049043372425646936
2nyy,SKEMPI2.0,DC_A,"KD29S,YD30D,DD31H,SD60P",0.04960775410878426
2nz9,SKEMPI2.0,DC_A,"SD29K,DD30Y,HD31D",-0.04960775410878426
3ngb,SKEMPI2.0,HL_G,"AH57G,VH58T,PH63K,VH74T",1.6733282275483887
3ngb,SKEMPI2.0,HL_G,"TH33Y,GH56S,AH57G,VH58T,PH63K,VH74T,YH75S",1.938086053706357
3ngb,SKEMPI2.0,HL_G,"CH32S,CH102A",0.25898353343758984
4krl,SKEMPI2.0,B_A,"DA49T,FA51A",1.8523293847654347
4kro,SKEMPI2.0,B_A,"DA321T,FA323A",0.12696364573831254
4krp,SKEMPI2.0,B_A,"DA277T,FA279A",0.358276756083729
5c6t,SKEMPI2.0,HL_A,"NA195A,DA197A",0.5864684746500366
5c6t,SKEMPI2.0,HL_A,"YA182A,NA195A,DA197A",2.9422614442238046
1yqv,SKEMPI2.0,HL_Y,"RY68K,TY40S,IY55V,SY91T,QY121H",0.0
1yqv,SKEMPI2.0,HL_Y,"RY68K,TY40S,IY55V,SY91T",5.09998519050146
1sbb,SKEMPI2.01.0,A_B,LB20T,-0.09128092928321685
1sbb,SKEMPI2.01.0,A_B,VB26Y,-1.4547657175287823
1sbb,SKEMPI2.01.0,A_B,YB91V,0.07907113754481898
1jck,SKEMPI2.01.0,A_B,TB20A,1.6540090713122657
1jck,SKEMPI2.01.0,A_B,YB26A,1.7739346081390321
1jck,SKEMPI2.01.0,A_B,NB60A,1.641799279573867
1jck,SKEMPI2.01.0,A_B,YB90A,2.5948342479259647
1jck,SKEMPI2.01.0,A_B,VB91A,2.2317820311243093
1jck,SKEMPI2.01.0,A_B,KB103A,0.6762974524423493
1jck,SKEMPI2.01.0,A_B,FB176A,2.132860300090111
2i26,SKEMPI2.01.0,N_L,AN29V,0.030373525325609663
1eaw,SKEMPI2.01.0,A_B,QA23A,-0.5186505836683093
1eaw,SKEMPI2.01.0,A_B,IA26A,-0.8220922966245396
1eaw,SKEMPI2.01.0,A_B,DA47A,1.5020192808795692
1eaw,SKEMPI2.01.0,A_B,RA48A,0.5873189040934879
1eaw,SKEMPI2.01.0,A_B,FA50A,-0.42859691683412215
1eaw,SKEMPI2.01.0,A_B,YA52A,-0.07890095391965168
1eaw,SKEMPI2.01.0,A_B,DA91A,0.6541111980754817
1eaw,SKEMPI2.01.0,A_B,FA92A,0.8915712901218367
1eaw,SKEMPI2.01.0,A_B,HA138A,-0.014472913986260494
1eaw,SKEMPI2.01.0,A_B,YA141A,0.5019009328018527
1ahw,SKEMPI2.0,AB_C,"TC110A,KC111A",0.638821369585223
1ahw,SKEMPI2.0,AB_C,"KC138A,DC139A",1.181406518043854
1ahw,SKEMPI2.0,AB_C,"KC154A,KC155A",-1.3296382094467436
1dvf,SKEMPI2.0,AB_CD,"EB98A,YD102A",4.633039513195327
1dvf,SKEMPI2.0,AB_CD,"DB54A,YC49A",4.49262217662303
1dvf,SKEMPI2.0,AB_CD,"DB58A,QD104A",1.4640911688362088
1dvf,SKEMPI2.0,AB_CD,"YA49A,ND55A",2.0302567711655524
1dvf,SKEMPI2.0,AB_CD,"YA32A,RD106A",4.6503299070981035
1dvf,SKEMPI2.0,AB_CD,"NB56A,QD104A",1.4867818345309427
1dvf,SKEMPI2.0,AB_CD,"WB52A,QD104A",4.162631898004682
1dvf,SKEMPI2.0,AB_CD,"NB56A,ND55A",2.300965100768602
1dqj,SKEMPI2.0,AB_C,"NA32A,KC96A",5.801525796800454
1dqj,SKEMPI2.0,AB_C,"SA91A,RC21A",3.170555532483089
1dqj,SKEMPI2.0,AB_C,"SA91A,YC20A",3.572893527994591
1dqj,SKEMPI2.0,AB_C,"YA96A,RC21A",3.4850060402027907
1dqj,SKEMPI2.0,AB_C,"YA96A,SC100A",0.9133964913037378
1dqj,SKEMPI2.0,AB_C,"DB32A,KC97A",1.1223210512384458
1dqj,SKEMPI2.0,AB_C,"YB53A,WC62A",1.2862365990456084
1dqj,SKEMPI2.0,AB_C,"YB53A,WC63A",2.1991101511318814
1dqj,SKEMPI2.0,AB_C,"YB53A,LC75A",1.2167941926712835
1dqj,SKEMPI2.0,AB_C,"YB53A,DC101A",2.726969576491129
1dqj,SKEMPI2.0,AB_C,"WB98A,SC100A",5.3619477809987135
1dqj,SKEMPI2.0,AB_C,"WB98A,KC97A",6.659716210752751
1dqj,SKEMPI2.0,AB_C,"WB98A,YC20A",5.111813280540699
1jrh,SKEMPI2.0,LH_I,"TI9L,EI11K",-0.025564570791688723
1jrh,SKEMPI2.0,LH_I,"MI15L,II18V",-0.21359418676329334
1jrh,SKEMPI2.0,LH_I,"II25N,PI27S,VI29T,VI31I",0.14369797609752943
1jrh,SKEMPI2.0,LH_I,"AI49S,II51T,HI55D",0.07067165033490319
1jrh,SKEMPI2.0,LH_I,"SI61Y,DI62E,HI63Q,VI64I,GI65M,DI66Y,SI68D,NI69V,LI71A",2.9586678423466433
1jrh,SKEMPI2.0,LH_I,"VI73A,RI78K",-0.21359418676329334
1jrh,SKEMPI2.0,LH_I,"AI85D,KI88R,EI90K",-0.04774521326891623
1jrh,SKEMPI2.0,LH_I,"AI93L,VI94M",0.6336277384672702
1jrh,SKEMPI2.0,LH_I,"EI45P,II47R",-3.4399067917777995
1jrh,SKEMPI2.0,LH_I,"SI44G,EI45G,II47R",-3.3775171494500267
1jrh,SKEMPI2.0,LH_I,"EI45P,II47L",-3.4565882869948457
1jrh,SKEMPI2.0,LH_I,"SI44G,EI45P,II47K",-3.884203190470087
1vfb,SKEMPI2.0,AB_C,"YA32A,QC121A",1.5859528410559598
1vfb,SKEMPI2.0,AB_C,"YA32A,IC124A",2.9055543031101196
1vfb,SKEMPI2.0,AB_C,"YA50A,DC18A",1.2658536220223073
1vfb,SKEMPI2.0,AB_C,"YA50A,DC119A",1.2313494596804002
1vfb,SKEMPI2.0,AB_C,"WA92A,QC121A",3.518741020369789
1vfb,SKEMPI2.0,AB_C,"WA92A,IC124A",3.8501197027184357
1vfb,SKEMPI2.0,AB_C,"WA92A,RC125A",3.393101046725957
1vfb,SKEMPI2.0,AB_C,"WA92A,LC129A",3.3071790130184455
1vfb,SKEMPI2.0,AB_C,"YB32A,KC116A",1.5859528410559598
1vfb,SKEMPI2.0,AB_C,"WB52A,DC119A",2.24724760410777
1vfb,SKEMPI2.0,AB_C,"DB54A,TC118A",1.2545741587073138
1vfb,SKEMPI2.0,AB_C,"DB100A,SC24A",3.3695686553462165
1vfb,SKEMPI2.0,AB_C,"YB101F,DC119A",2.736369042412699
1vfb,SKEMPI2.0,AB_C,"YB101F,VC120A",2.53833673301515
3hfm,SKEMPI2.0,HL_Y,"NL31A,KY96A",7.467971514186721
3hfm,SKEMPI2.0,HL_Y,"YL50A,RY21A",6.366119722052409
3hfm,SKEMPI2.0,HL_Y,"YL50F,RY21A",4.3305521178021245
3hfm,SKEMPI2.0,HL_Y,"YL50F,YY20A",6.223314664826805
3hfm,SKEMPI2.0,HL_Y,"YL50A,KY96A",7.729604510297975
3hfm,SKEMPI2.0,HL_Y,"YL50A,KY97A",7.319154690404508
3hfm,SKEMPI2.0,HL_Y,"WH98F,YY20A",6.228673560402511
3hfm,SKEMPI2.0,HL_Y,"WH98A,KY96A",7.729604510297975
3hfm,SKEMPI2.0,HL_Y,"DH32A,KY97A",4.592185113913377
3hfm,SKEMPI2.0,HL_Y,"DH32N,KY97A",4.891279067815162
3hfm,SKEMPI2.0,HL_Y,"DH32A,KY97M",1.1233870351801354
3hfm,SKEMPI2.0,HL_Y,"DH32N,KY97M",0.3024873953932019
3hfm,SKEMPI2.0,HL_Y,"YH50A,RY21A",7.940810976407958
3hfm,SKEMPI2.0,HL_Y,"YL96A,RY21A",5.75642654837546
3hfm,SKEMPI2.0,HL_Y,"YL96F,RY21A",4.181735294019912
